Foundation,City,Assets,Email,Website,Annual Grants,Key Contact,Contact Role,Contact Employer
The Administrators Of The Tulane Educational Fund,New Orleans,"$3,153,204,200",webcomms@tulane.edu,https://www.tulane.edu,,,,
L S U Foundation,Baton Rouge,"$749,444,076",contact@lsufoundation.org,https://www.lsufoundation.org,"$322,956,816",,,
Kemper And Leila Williams Foundation,New Orleans,"$453,703,481",wrc@hnoc.org,https://www.hnoc.org,,,,
Tiger Athletic Foundation,Baton Rouge,"$408,065,427",,https://www.lsutaf.org,"$223,610,004",,,
The Greater New Orleans Foundation,New Orleans,"$366,474,034",,https://www.gnof.org,"$223,507,095",,,
Lsu Health Sciences Foundation In Shreveport,Shreveport,"$230,085,030",,https://www.lsuhsfoundation.org,,ARMAND ROOS,Board Chair,
Lsu Health Sciences Foundation In Shreveport,Shreveport,"$230,085,030",,https://www.lsuhsfoundation.org,,ARMAND ROOS,Board Chair,Lsu Health Sciences Foundation In Shreveport
Lsu Health Sciences Foundation In Shreveport,Shreveport,"$230,085,030",,https://www.lsuhsfoundation.org,,BILL COMEGYS,Board Chair,
Lsu Health Sciences Foundation In Shreveport,Shreveport,"$230,085,030",,https://www.lsuhsfoundation.org,,BILL COMEGYS,Board Chair,Lsu Health Sciences Foundation In Shreveport
Lsu Health Sciences Foundation In Shreveport,Shreveport,"$230,085,030",,https://www.lsuhsfoundation.org,,BRIGETTE ROSE,CFO,
Lsu Health Sciences Foundation In Shreveport,Shreveport,"$230,085,030",,https://www.lsuhsfoundation.org,,BRIGETTE ROSE,CFO,Lsu Health Sciences Foundation In Shreveport
Lsu Health Sciences Foundation In Shreveport,Shreveport,"$230,085,030",,https://www.lsuhsfoundation.org,,BUBBA RASBERRY,Board Chair,
Lsu Health Sciences Foundation In Shreveport,Shreveport,"$230,085,030",,https://www.lsuhsfoundation.org,,BUBBA RASBERRY,Board Chair,Lsu Health Sciences Foundation In Shreveport
Lsu Health Sciences Foundation In Shreveport,Shreveport,"$230,085,030",,https://www.lsuhsfoundation.org,,KEVIN FLOOD,President,
Lsu Health Sciences Foundation In Shreveport,Shreveport,"$230,085,030",,https://www.lsuhsfoundation.org,,KEVIN FLOOD,President,Lsu Health Sciences Foundation In Shreveport
Lsu Health Sciences Foundation In Shreveport,Shreveport,"$230,085,030",,https://www.lsuhsfoundation.org,,RAY LASSEIGNE,Board Chair,
Lsu Health Sciences Foundation In Shreveport,Shreveport,"$230,085,030",,https://www.lsuhsfoundation.org,,RAY LASSEIGNE,Board Chair,Lsu Health Sciences Foundation In Shreveport
Lsu Health Sciences Foundation In Shreveport,Shreveport,"$230,085,030",,https://www.lsuhsfoundation.org,,SHANE BRIDGES,Board Chair,
Lsu Health Sciences Foundation In Shreveport,Shreveport,"$230,085,030",,https://www.lsuhsfoundation.org,,SHANE BRIDGES,Board Chair,Lsu Health Sciences Foundation In Shreveport
Lsu Health Sciences Foundation In Shreveport,Shreveport,"$230,085,030",,https://www.lsuhsfoundation.org,,VALARIE JAMISON,Board Chair,
